{
  "has research problem" : [
    ["End - to - end neural relation extraction", {"from sentence" : "TITLE"}],
    ["joint extraction of named entities and relations between them", {"from sentence" : "We propose a neural network model for joint extraction of named entities and relations between them , without any hand - crafted features ."}],
    ["Extracting entities and their semantic relations from raw text",
    {"from sentence" : "Extracting entities and their semantic relations from raw text is a key information extraction task ."}],
    ["jointly learn to extract entities and relations", {"from sentence" : "More recently , end - to - end systems which jointly learn to extract entities and relations have been proposed with strong potential to obtain high performance ."}]
  ]
}