{
  "has research problem" : [
    ["Neural Network Named - Entity Recognition", {"from sentence" : "TITLE"}],
    ["Neural network approaches to Named - Entity Recognition", {"from sentence" : "Neural network approaches to Named - Entity Recognition reduce the need for carefully handcrafted features ."}],
    ["Named - Entity Recognition", {"from sentence" : "Named - Entity Recognition ( NER ) is the task of identifying textual mentions and classifying them into a predefined set of types ."}],
    ["NER", {"from sentence" : "Named - Entity Recognition ( NER ) is the task of identifying textual mentions and classifying them into a predefined set of types ."}]    
  ]
}