{
  "has" : {
    "Ablation analysis" : {
      "has" : {
        "Effect of Model Size" : {
          "is" : {
            "first work" : {
              "to demonstrate" : {
                "scaling to extreme model" : {
                  "leads to" : {
                    "large improvements" : {
                      "on" : {
                        "very small scale tasks" : {
                          "provided that" : "model has been sufficiently pre-trained"
                        }
                      }
                    }
                  }
                }
              },
              "from sentence" : "However , we believe that this is the first work to demonstrate convincingly that scaling to extreme model sizes also leads to large improvements on very small scale tasks , provided that the model has been sufficiently pre-trained ."
            }
          }
        },
        "Feature-based Approach with BERT" : {
          "has" : {
            "BERT LARGE" : {
              "performs competitively" : "state - of - the - art methods"
            }
          },
          "demonstrates" : {
            "BERT is effective" : {
              "for both" : ["finetuning", "feature - based approaches"]
            }
          },
          "from sentence" : "BERT LARGE performs competitively with state - of - the - art methods .
  This demonstrates that BERT is effective for both finetuning and feature - based approaches ."
  
        }
      }
    }
  }
}