{
  "has" : {
    "Ablation analysis" : {
      "has" : {
        "passage - aligned question representation" : {
          "is" : "crucial",
          "from sentence" : "The passage - aligned question representation is crucial , since lexically similar regions of the passage provide strong signal for relevant answer spans ."
        },
        "RASOR" : {
          "outperforms" : {
            "endpoint prediction model" : {
              "by" : "1.1 inexact match"
            }
          },
          "from sentence" : "RASOR outperforms the endpoint prediction model by 1.1 inexact match , The interaction between endpoints enables RASOR to enforce consistency across its two substructures ."          
        }        
      },
      "observe" : {
        "general improvements" : {
          "when using" : "labels that closely align with the task"
        },
        "from sentence" : "First , we observe general improvements when using labels that closely align with the task ."
      },
      "observe the importance of" : {
        "allowing interactions" : {
          "between" : { 
            "the endpoints" : {
              "using" : "spanlevel FFNN"
            }
          }
        },
        "from sentence" : "Second , we observe the importance of allowing interactions between the endpoints using the spanlevel FFNN ."
      }
    }
  }
}