{
  "has" : {
    "Architecture" : {
      "called" : {
        "RASOR" : {
          "builds" : {
            "fixed - length span representations" : {
              "reusing" : {
                "recurrent computations" : {
                  "for" : "shared substructures"
                }
              }
            }
          }
        },
        "from sentence" : "To overcome this , we present a novel neural architecture called RASOR that builds fixed - length span representations , reusing recurrent computations for shared substructures ."
      },
      "demonstrate" : {
        "significant increase in performance" :{
          "directly classifying" : "each of the competing spans",
          "training with" : {
            "global normalization" : {
              "overall" : "possible spans"
            }
          }
        },
        "from sentence" : "We demonstrate that directly classifying each of the competing spans , and training with global normalization overall possible spans , leads to a significant increase in performance ."        
      }
    }
  }
}