{
  "has" : {
    "Hyperparameters" : {
      "for" : {
        "word vectors" : {
          "use" : {
            "Google’s publicly available embeddings" : {
              "trained with" : {
                "word2vec" : {
                  "on" : "100-billion-word News corpus (Mikolov et al., 2013)."
                }
              }
            }
          },
          "are" : "300-dimensional (d=300)"
        }
      },
      "found" : {
        "dropout" : {
          "effective" : "improving generalization from the training to the test set",
          "used" : "0.5"
        },
        "from sentence" : "We found dropout (Srivastava et al., 2014) to be particularly effective at improving generalization from the training to the test set, and used 0.5 as the dropout probability."
      },
      "used" : {
        "Adam optimizer" : {
          "with" : "standard settings (Kingma and Ba, 2014)",
          "learning rate" : "0.003"
        },
        "from sentence" : "We used the Adam optimizer with the standard settings (Kingma and Ba, 2014) and a learning rate of 0.003"
      },
      "to determine" : {
        "best hyperparameters" : {
          "performed" : {
            "grid search" : {
              "over" : "150 settings"
            }
          }
        },
        "from sentence" : "To determine the best hyperparameters we performed a grid search over 150 settings based on validation-set accuracy."
      }
    }
  }
}