{
  "has" : {
    "Results" : {
      "on" : {
        "MCTest-500" : {
          "significantly outperforms" : {
            "on" : "single questions (> 2%)"
          },
          "slightly outperforms" : {
            "on" : ["multi questions (~ 0.3%)", "overall (~ 1%)"]
          }
        },
        "from sentence" : "On MCTest-500, the Parallel Hierarchical model significantly outperforms these methods on single questions (> 2%) and slightly outperforms the latter two on multi questions (~ 0.3%) and overall (~ 1%)."
      }
    }
  }
}