{
  "has" : {
    "Experimental Settings" : [
      {
      "using" : {
        "cnn library" : {
          "implemented" : "model"
        },
        "Stanford neural dependency parser" : {
          "parsed" : "texts"
        }
      },
      "from sentence" : "We implemented our model using the cnn library. We parsed the texts using the Stanford neural dependency parser (Chen and Manning, 2014) with the original Stanford Dependencies"
      },
      {
      "fixed" : {
        "embedding dimensions" : {
          "nw" : "200",
          "np, nd, ne" : "25"
        },
        "dimensions of intermediate layers" : {
          "to" : "100"
        }
      },
      "from sentence" : "Based on preliminary tuning, we fixed embedding dimensions nw to 200, np, nd, ne to 25, and dimensions of intermediate layers (nls , nlt of LSTM-RNNs and nhe , nhr of hidden layers) to 100."
      },
      {
        "initialized" : {
          "word vectors" : {
            "via" : "word2vec (Mikolov et al., 2013)"
          }
        },
        "from sentence" : "We initialized word vectors via word2vec (Mikolov et al., 2013) trained onWikipedia8 and randomly initialized all other parameters."
      }
    ]
  }
}