{
  "has research problem" : [
    ["Extracting Multiple - Relations in One - Pass", {"from sentence" : "TITLE"}],
    ["extracting multiple entity - relations from an input paragraph", {"from sentence" : "The state - of - the - art solutions for extracting multiple entity - relations from an input paragraph always require a multiple - pass encoding on the input ."}],
    ["multiple entityrelations extraction task with only one - pass",
    {"from sentence" : "This paper proposes anew solution that can complete the multiple entityrelations extraction task with only one - pass encoding on the input corpus , and achieve anew state - of - the - art accuracy performance , as demonstrated in the ACE 2005 benchmark ."}],
    ["Relation extraction", {"from sentence" : "Relation extraction ( RE ) aims to find the semantic relation between a pair of entity mentions from an input paragraph ."}],
    ["RE", {"from sentence": "Relation extraction ( RE ) aims to find the semantic relation between a pair of entity mentions from an input paragraph ."}],
    ["multiplerelations extraction", {"from sentence" : "One particular type of the RE task is multiplerelations extraction ( MRE ) that aims to recognize relations of multiple pairs of entity mentions from an input paragraph ."}],
    ["MRE", {"from sentence" : "One particular type of the RE task is multiplerelations extraction ( MRE ) that aims to recognize relations of multiple pairs of entity mentions from an input paragraph ."}],
    ["recognize relations of multiple pairs of entity mentions from an input paragraph", {"from sentence" : "One particular type of the RE task is multiplerelations extraction ( MRE ) that aims to recognize relations of multiple pairs of entity mentions from an input paragraph ."}]
  ]
}