{
  "has" : {
    "Results" : {
      "On" : {
        "MCTest-500" : {
          "has" : {
            "Parallel Hierarchical model" : {
              "on" : {
                "single questions" : {
                  "( > 2 % )" : "significantly outperforms"
                }
              },
              "slightly outperforms" : ["multi questions ( ? 0.3 % )", "overall ( ? 1 % )"]
            }
          },
          "from sentence" : "On MCTest - 500 , the Parallel Hierarchical model significantly outperforms these methods on single questions ( > 2 % ) and slightly outperforms the latter two on multi questions ( ? 0.3 % ) and overall ( ? 1 % ) ."   
        }
      }
    }
  }
}