{
  "has" : {
    "Hyperparameters" : {
      "use" : {
        "word embeddings" : {
          "GloVe" : "to initialize model",
          "from sentence" : "We use word embeddings from GloVe to initialize the model ."          
        },
        "ADAMAX" : {
          "with" : {
            "coefficients ? 1 = 0.9 and ? 2 = 0.999" : {
              "to optimize" : "model"
            }
          },
          "from sentence" : "We use ADAMAX with the coefficients ? 1 = 0.9 and ? 2 = 0.999 to optimize the model ."
        }
      },
      "dimensionality l" : {
        "hidden layers" : {
          "set" : "150 or 300"
        },
        "from sentence" : "The dimensionality l of the hidden layers is set to be 150 or 300 ."
      },
      "has" : {
        "update" : {
          "computed through" : {
            "minibatch" : {
              "of" : "30 instances"
            }
          },
          "from sentence" : "Each update is computed through a minibatch of 30 instances ."
        }
      }
    }
  }
}