{
  "has" : {
    "Results" : {
      "outperformed" : {
        "logistic regression model" : {
          "relies on" : "carefully designed features",
          "from sentence" : "outperformed the logistic regression model by , which relies on carefully designed features ."          
        },
        "sequence model" : {
          "by" : {
            "boundary model" : {
              "achieving" : ["exact match score of 61.1%", "an F1 score of 71.2%"]
            }
          },
          "from sentence" : "Furthermore , our boundary model has outperformed the sequence model , achieving an exact match score of 61.1 % and an F1 score of 71.2 % ."          
        }
      },
      "adding" : {
        "Bi - Ans - Ptr with bi-directional pre-processing LSTM" : {
          "get" : "1.2 % improvement in F1"
        },
        "from sentence" : "While by adding Bi - Ans - Ptr with bi-directional pre-processing LSTM , we can get 1.2 % improvement in F1 ."
      }
    }
  }
}