{
  "has research problem" : [
    ["COMPRESSING WORD EMBEDDINGS", {"from sentence" : "TITLE"}],
    ["compressing the word embeddings without any significant sacrifices in performance", {"from sentence" : "Deploying neural NLP models to mobile devices requires compressing the word embeddings without any significant sacrifices in performance ."}],
    ["constructing word embeddings with drastically fewer parameters", {"from sentence" : "In this work , we utilize such codes fora different purpose , that is , constructing word embeddings with drastically fewer parameters ."}],
    ["compress the size of NLP models", {"from sentence" : "Thus , it is becoming more important to compress the size of NLP models for deployment to devices with limited memory or storage capacity ."}]
    ]
}