{
  "has" : {
    "Results" : {
      "observe" : {
        "SCIBERT" : {
          "outperforms" : {
            "BERT - Base" : {
              "on" : "scientific tasks ( + 2.11 F1 with finetuning and + 2.43 F1 without )"
            }
          },
          "from sentence" : "We observe that SCIBERT outperforms BERT - Base on scientific tasks ( + 2.11 F1 with finetuning and + 2.43 F1 without )"          
        }
      },
      "has" : {
        "Biomedical Domain" : {
          "observe" : {
            "SCIBERT" : {
              "outperforms" : {
                "BERT - Base" : {
                  "on" : {
                    "biomedical tasks" : {
                      "with finetuning" : "+ 1.92 F1",
                      "without" : "+ 3.59 F1"
                    }
                  }
                }
              },
              "from sentence" : "We observe that SCIBERT outperforms BERT - Base on biomedical tasks ( + 1.92 F1 with finetuning and + 3.59 F1 without ) ."
              
            }
          },
          "has" : {
            "SCIB - ERT" : {
              "achieves" : {
                "new SOTA results" : {
                  "on" : ["BC5 CDR and ChemProt", "EBM - NLP"]
                }
              },
              "from sentence" : "In addition , SCIB - ERT achieves new SOTA results on BC5 CDR and ChemProt , and EBM - NLP ."
            }
          }
        },
        "Computer Science Domain" : {
          "observe" : {
            "SCIBERT" : {
              "outperforms" : {
                "BERT - Base" : {
                  "on" : {
                    "computer science tasks" : {
                      "with finetuning" : "+ 3.55 F1",
                      "without" : "+ 1.13 F1"
                    }
                  }
                }
              },
              "from sentence" : "We observe that SCIBERT outperforms BERT - Base on computer science tasks ( + 3.55 F1 with finetuning and + 1.13 F1 without ) ."              
            }
          },
          "has" : {
            "SCIBERT" : {
              "achieves" : {
                "new SOTA results" : {
                  "on" : ["ACL - ARC", "NER part of SciERC"]
                },
                "from sentence" : "In addition , SCIBERT achieves new SOTA results on ACL - ARC , and the NER part of SciERC ."
              }              
            }
          }
        },
        "Multiple Domains" : {
          "observe" : {
            "SCIBERT" : {
              "outperforms" : {
                "BERT - Base" : {
                  "on" : {
                    "multidomain tasks" : {
                      "with finetuning" : "+ 0.49 F1",
                      "without" : "+ 0.93 F1"
                    }
                  }
                }
              }
            },
            "from sentence" : "We observe that SCIBERT outperforms BERT - Base on the multidomain tasks ( + 0.49 F1 with finetuning and + 0.93 F1 without ) ."            
          },
          "has" : {
            "SCIBERT" : {
              "outperforms" : {
                "SOTA" : {
                  "on" : "Sci - Cite"
                }
              },
              "from sentence" : "In addition , SCIBERT outperforms the SOTA on Sci - Cite ."
            }
          }
        }
      }
    }
  }
}