{
  "has" : {
    "Experimental Setup" : {
      "for" : {
        "document classification experiments" : {
          "randomly initialize" : {
            "word embeddings" : {
              "within" : "[-0.001, 0.001]",
              "update" : "during training"
            },
            "from sentence" : "For the document classification experiments, we randomly initialize the word embeddings uniformly within [-0.001, 0.001] and update them during training."
          },
          "set" : {
            "window size" : {
              "as" : "h = 5",
              "with" : "K = 100 feature maps"
            },
            "from sentence" : "For the generated filters, we set the window size as h = 5, with K = 100 feature maps (the dimension of z is set as 100)."
          },
          "utilized" : {
            "one-layer architecture" : {
              "for" : "both the CNN baseline and the ACNN model"
            },
            "from sentence" : "A one-layer architecture is utilized for both the CNN baseline and the ACNN model, since we did not observe significant performance gains with a multilayer architecture."
          },
          "minibatch size" : ["128", {"from sentence" : "The minibatch size is set as 128, and a dropout rate of 0.2 is utilized on the embedding layer."}],
          "dropout rate" : ["0.2", {"from sentence" : "The minibatch size is set as 128, and a dropout rate of 0.2 is utilized on the embedding layer."}]
        },
        "sentence matching tasks" : {
          "initialized" : {
            "word embeddings" : {
              "with" : {
                "50-dimensional Glove (Pennington et al., 2014) word vectors" : {
                  "pretrained from" : "Wikipedia 2014 and Gigaword 5 (Pennington et al., 2014)"
                }
              }
            },
            "from sentence" : "For the sentence matching tasks, we initialized the word embeddings with 50-dimensional Glove (Pennington et al., 2014) word vectors pretrained from Wikipedia 2014 and Gigaword 5 (Pennington et al., 2014) for all model variants."            
          },
          "filters" : {
            "set" : {
              "window size" : {
                "as" : "h = 5",
                "with" : "K = 300 feature maps"
              }
            },
            "from sentence" : "As for the filters, we set the window size as h = 5, with K = 300 feature maps."
          },
          "use" : {
            "Adam (Kingma and Ba, 2014)" : {
              "to train" : "models",
              "with" : {
                "learning rate" : {
                  "of" : "3 x10-4"
                }
              }
            },
            "from sentence" : "We use Adam (Kingma and Ba, 2014) to train the models, with a learning rate of 3 x 10-4."
          },
          "Dropout" : {
            "rate of 0.5" : {
              "employed on" : "word embedding layer"
            },
            "from sentence" : "Dropout (Srivastava et al., 2014), with a rate of 0.5, is employed on the word embedding layer."
          }
        },
        "implemented with" : ["TensorFlow (Abadi et al., 2016)", {"from sentence" : "All models are implemented with TensorFlow (Abadi et al., 2016) and are trained using one NVIDIA GeForce GTX TITAN X GPU with 12GB memory."}],
        "trained using" : {
          "one NVIDIA GeForce GTX TITAN X GPU" : {
            "with" : "12GB memory"
          },
          "from sentence" : "All models are implemented with TensorFlow (Abadi et al., 2016) and are trained using one NVIDIA GeForce GTX TITAN X GPU with 12GB memory."
        }
      }
    }
  }
}