{
  "has" : {
    "Results" : {
      "has" : {
        "Tasks" : {
          "has" : {
            "Machine Translation" : {
              "on" : {
                "WMT 2014 English - to - German translation task" : {
                  "outperforms" : {
                    "the best previously reported models ( including ensembles )" : {
                      "by" : "more than 2.0 BLEU",
                      "establishing" : {
                        "state - of - the - art" : {
                          "BLEU score" : "28.4"
                        }
                      }
                    }
                  },
                  "from sentence" : "On the WMT 2014 English - to - German translation task , the big transformer model ( Transformer ( big ) in ) outperforms the best previously reported models ( including ensembles ) by more than 2.0 BLEU , establishing anew state - of - the - art BLEU score of 28.4 ."          
                },
                "WMT 2014 English - to - French translation task" : {
                  "achieves" : {
                    "BLEU score of 41.0" : {
                      "outperforming" : "all of the previously published single models"
                    }
                  },
                  "from sentence" : "On the WMT 2014 English - to - French translation task , our big model achieves a BLEU score of 41.0 , outperforming all of the previously published single models , at less than 1 / 4 the training cost of the previous state - of - the - art model ."
                }
              }
            },
            "English Constituency Parsing" : {
              "performs" : {
                "surprisingly well" : {
                  "yielding" : {
                    "better results" : {
                      "than" : {
                        "all previously reported models" : {
                          "with the exception" : "Recurrent Neural Network Grammar"
                        }
                      }
                    }
                  }
                }
              },
              "from sentence" : "Our results in show that despite the lack of task - specific tuning our model performs surprisingly well , yielding better results than all previously reported models with the exception of the Recurrent Neural Network Grammar ."
            }
          }
        }
      }
    }
  }
}