{
  "has research problem" : [
    ["Matching Natural Language Sentences", {"from sentence" : "TITLE"}],
    ["Semantic matching", {"from sentence" : "Semantic matching is of central importance to many natural language tasks [ 2,28 ] ."}],
    ["Matching two potentially heterogenous language objects", {"from sentence" : "Matching two potentially heterogenous language objects is central to many natural language applications ."}],
    ["sentence - matching", {"from sentence" : "A successful sentence - matching algorithm therefore needs to capture not only the internal structures of sentences but also the rich patterns in their interactions ."}]
  ]
}