{
  "has" : {
    "Ablation Study" : {
      "evaluate" : {
        "contribution of neural components including pre-trained embeddings, the character-level LSTM and dropout layers" : {
          "from the performance gap" : "conclude that these components contribute significantly to the effectiveness of our model"
        },
        "from sentence" : "To evaluate the contribution of neural components including pre-trained embeddings, the character-level LSTM and dropout layers, we test the performances of ablated models. From the performance gap, we can conclude that these components contribute significantly to the effectiveness of our model in all three datasets."
      }
    }
  }
}