{
  "has" : {
    "Model" : {
      "has" : {
        "ByteNet" : {
          "uses" : {
            "one - dimensional convolutional neural networks ( CNN )" : {
              "of" : {
                "fixed depth" : {
                  "for" : "both the encoder and the decoder"
                }
              }
            }
          }
        },
        "from sentence" : "The ByteNet is the instance within this family of models that uses one - dimensional convolutional neural networks ( CNN ) of fixed depth for both the encoder and the decoder ) ."
      },
      "has" : {
        "two CNNs" : {
          "use" : {
            "increasing factors of dilation" : {
              "rapidly grow" : "receptive fields"
            }
          }
        },
        "from sentence" : "The two CNNs use increasing factors of dilation to rapidly grow the receptive fields ; a similar technique is also used in ."
      },
      "has" : {
        "decoder CNN" : {
          "has" : {
            "convolutions" : {
              "masked" : {
                "prevent the network from seeing future tokens" : {
                  "in" : "target sequence"
                }
              }
            }
          }
        },
        "from sentence" : "The convolutions in the decoder CNN are masked to prevent the network from seeing future tokens in the target sequence ."
      },
      "has" : ["beneficial computational and learning properties", {"from sentence" : "The network has beneficial computational and learning properties ."}],
      "From" : {
        "computational perspective" : {
          "running time" : "linear in the length of the source and target sequences",
          "from sentence" : "From a computational perspective , the network has a running time that is linear in the length of the source and target sequences ( up to a constant c ?"
        },
        "learning perspective" : {
          "representation of the source sequence" : "resolution preserving",
          "from sentence" : "From a learning perspective , the representation of the source sequence in the ByteNet is resolution preserving ; the representation sidesteps the need for memorization and allows for maximal bandwidth between encoder and decoder ."
        }
      }
    }
  }
}