{
  "has" : {
    "Dataset" : {
      "collected" : {
        "first large - scale dataset of questions and answers based on a KB" : {
          "called" : "SimpleQuestions",
          "to study" : {
            "coverage" : { 
              "of" : "existing systems"
            }
          },
          "to train" : {
            "jointly" : {
              "on" : {
                "different data sources" : { 
                  "via" : "multitasking"
                }
              }
            }
          }
        },
        "from sentence" : "First , as an effort to study the coverage of existing systems and the possibility to train jointly on different data sources via multitasking , we collected the first large - scale dataset of questions and answers based on a KB , called SimpleQuestions ."        
      }
    }
  }  
}