{
  "has research problem" : [
    ["Frequency - Agnostic Word Representation", {"from sentence" : "TITLE"}],
    ["word embeddings learned in several tasks are biased towards word frequency", {"from sentence" : "Although it is widely accepted that words with similar semantics should be close to each other in the embedding space , we find that word embeddings learned in several tasks are biased towards word frequency : the embeddings of highfrequency and low - frequency words lie in different subregions of the embedding space , and the embedding of a rare word and a popular word can be far from each other even if they are semantically similar ."}],
    ["learned embeddings of rare words and popular words behave differently", {"from sentence": "Interestingly , the learned embeddings of rare words and popular words behave differently ."}],
    ["embeddings of rare words and popular words actually lie in different subregions of the space", {"from sentence" : "As shown in ( a ) and 1 ( b ) , the embeddings of rare words and popular words actually lie in different subregions of the space ."}],
    ["different behaviors of the embeddings of popular words and rare words are problematic", {"from sentence" : "We argue that the different behaviors of the embeddings of popular words and rare words are problematic ."}]
  ]
}