{
  "has" : {
    "Model" : {
      "propose" : {
        "a novel model" : {
          "decomposing and composing" : {
            "lexical semantics" : {
              "over" : "sentences"
            }
          }
        },
        "from sentence" : "In this paper , we propose a novel model to tackle all these challenges jointly by decomposing and composing lexical semantics over sentences ."        
      },
      "Given" : {
        "sentence pair" : {
          "represents" : {
            "each word" : {
              "as" : "low-dimensional vector"
            }
          },
          "calculates" : {
            "semantic matching vector" : {
              "for" : "each word",
              "based on" : "all words in the other sentence"
            }
          }
        },
        "from sentence" : "Given a sentence pair , the model represents each word as a low -dimensional vector ( challenge 1 ) , and calculates a semantic matching vector for each word based on all words in the other sentence ( challenge 2 ) ."
      },
      "based on" : {
        "semantic matching vector" : {
          "decomposed" : {
            "each word vector" : {
              "into" : {
                "two components" : {
                  "name" : ["similar component", "dissimilar component"]
                }
              }
            }
          }
        },
        "from sentence" : "Then based on the semantic matching vector , each word vector is decomposed into two components : a similar component and a dissimilar component ( challenge 3 ) ."
      },
      "use" : {
        "similar components" : {
          "of" : {
            "all words" : {
              "to represent" : "similar parts of the sentence pair"
            }
          }
        },
        "dissimilar components" : {
          "of" : {
            "every word" : {
              "to model" : "dissimilar parts explicitly"
            }
          }
        },
        "from sentence" : "We use similar components of all the words to represent the similar parts of the sentence pair , and dissimilar components of every word to model the dissimilar parts explicitly ."
      },
      "performed" : {
        "two - channel CNN operation" : {
          "to compose" : {
            "similar and dissimilar components" : {
              "into" : "feature vector"
            }
          }
        },
        "from sentence" : "After this , a two - channel CNN operation is performed to compose the similar and dissimilar components into a feature vector ( challenge 2 and 3 ) ."
      },
      "utilized" : {
        "composed feature vector" : {
          "to predict" : "sentence similarity"
        },
        "from sentence" : "Finally , the composed feature vector is utilized to predict the sentence similarity ."
      }
    }
  }
}