{
  "has" : {
    "Results" : {
      "on" : {
        "QASent dataset" : {
          "got" : {
            "best MAP" : {
              "among" : "all previous work"
            },
            "comparable MRR" : {
              "than" : "dos"
            },
            "from sentence" : "We can see that our model ( the last row of ) got the best MAP among all previous work , and a comparable MRR than dos ."
          }
        },
        "Wiki QA dataset" : {
          "more effective than" : "other models",
          "from sentence" : "The last row of shows that our model is more effective than the other models ."
        },
        "MSRP dataset" : {
          "obtained" : {
            "comparable performance" : {
              "without using" : ["any sparse features", "extra annotated resources", "specific training strategies"]
            }
          },
          "from sentence" : "Comparing to these neural network based models , our model obtained a comparable performance ( the last row of ) without using any sparse features , extra annotated resources and specific training strategies ."
        }
      }
    }
  }
}