{
  "has research problem" : [
    ["extracting multiple entity-relations from an input paragraph", {"from sentence" : "The state-of-the-art solutions for extracting multiple entity-relations from an input paragraph always require a multiple-pass encoding on the input."}],
    ["multiple entity-relations extraction task",
    {"from sentence" : "This paper proposes a new solution that can complete the multiple entity-relations extraction task with only one-pass encoding on the input corpus, and achieve a new state-of-the-art accuracy performance, as demonstrated in the ACE 2005 benchmark."}],
    ["Relation extraction", {"from sentence" : "Relation extraction (RE) aims to find the semantic relation between a pair of entity mentions from an input paragraph."}],
    ["RE", {"from sentence": "Relation extraction (RE) aims to find the semantic relation between a pair of entity mentions from an input paragraph."}],
    ["multiple relations extraction", {"from sentence" : "One particular type of the RE task is multiple relations extraction (MRE) that aims to recognize relations of multiple pairs of entity mentions from an input paragraph."}],
    ["MRE", {"from sentence" : "One particular type of the RE task is multiple relations extraction (MRE) that aims to recognize relations of multiple pairs of entity mentions from an input paragraph."}]
  ]
}