{
  "has" : {
    "Model" : {
      "for" : {
        "multi-layer recurrent networks" : {
          "introduce" : {
            "a new type of linear connections" : {
              "called" : {
                "fast-forward connections" : {
                  "play an essential role" : {
                    "building a deep topology" : {
                      "with" : "depth of 16"
                    }
                  }
                }
              }
            }
          }
        },
        "from sentence" : "In this work, we introduce a new type of linear connections for multi-layer recurrent networks. These connections, which are called fast-forward connections, play an essential role in building a deep topology with depth of 16."
      },
      "introduce" : {
        "interleaved bi-directional architecture" : {
          "to stack" : "LSTM layers in the encoder"
        },
        "from sentence" : "In addition, we introduce an interleaved bi-directional architecture to stack LSTM layers in the encoder."
      }
    }
  }
}