{
  "has" : {
    "Experimental setup" : {
      "evaluate" : {
        "our models" : {
          "on" : [
            ["four datasets", 
            {"from sentence" : "We evaluate our models on four datasets , using the code as available from our github codebase ."}], 
            [{"NER task" : {"using" : "10 - fold cross validation"}}, 
            {"from sentence" : "We also evaluate our models on the NER task similar to in the same dataset using 10 - fold cross validation ."}]]
        }
      },
      "employ" : ["early stopping",
        {"from sentence" : "We employ early stopping in all of the experiments ."}],
      "use" : [
        ["Adam optimizer", 
        {"from sentence" : "We use the Adam optimizer and we fix the hyperparameters ( i.e. , ? , dropout values , best epoch , learning rate ) on the validation sets ."}],
        {
          "three types of evaluation" : {
            "namely" : {
              "S( trict )" : {
              "score" : {
                "an entity" : {
                  "as" : {
                    "correct" : {
                      "if" : "both the entity boundaries and the entity type are correct"
                    }
                  }
                }
              }
            },
              "B ( oundaries )" : {
              "score" : {
                "an entity" : {
                  "as" : {
                    "correct" : {
                      "if" : "only the entity boundaries are correct while the entity type is not taken into account"
                    }
                  }
                }
              }
            },
              "R( elaxed )" : {
              "has" : {
                "multi-token entity" : {
                  "considered correct if" : "at least one correct type is assigned to the tokens comprising the entity"
                }
              }
            }
            },
            "from sentence" : "We use three types of evaluation , namely : ( i ) S( trict ) : we score an entity as correct if both the entity boundaries and the entity type are correct ( ACE04 , ADE , CoNLL04 , DREC ) , ( ii ) B ( oundaries ) : we score an entity as correct if only the entity boundaries are correct while the entity type is not taken into account ( DREC ) and ( iii ) R( elaxed ) : a multi-token entity is considered correct if at least one correct type is assigned to the tokens comprising the entity , assuming that the : Comparison of our method with the stateof - the - art in terms of F 1 score ."
          }
        }
        ],
      "fix" : {
        "hyperparameters ( i.e. , ? , dropout values , best epoch , learning rate )" : {
          "on" : "validation sets"
        },
        "from sentence" : "We use the Adam optimizer and we fix the hyperparameters ( i.e. , ? , dropout values , best epoch , learning rate ) on the validation sets ."        
      }
    }
  }
}