{
  "has" : {
    "Baselines" : {
      "for" : {
        "word level transfer" : {
          "use" : {
            "word embeddings from a word2vec skip-gram model" : {
              "trained on" : "a corpus of news data (Mikolov et al., 2013)",
              "input to" : ["convolutional neural network models (CNN) (Kim, 2014)", "DAN"]
            }
          }
        },
        "from sentece" : "For word level transfer, we use word embeddings from a word2vec skip-gram model trained on a corpus of news data (Mikolov et al., 2013). The pretrained word embeddings are included as input to two model types: a convolutional neural network models (CNN) (Kim, 2014); a DAN."
      },
      "without using" : {
        "any pretrained word or sentence embeddings" : {
          "additional baseline" : "CNN and DAN models are trained"
        },
        "from sentence" : "Additional baseline CNN and DAN models are trained without using any pretrained word or sentence embeddings."
      }
    }
  }
}