{
  "has" : {
    "Hyperparameters" : {
      "Pre-trained embeddings" : {
        "Glo Ve" : {
          "of" : "dimension 100",
          "used to initialize" : {
            "word vectors" : {
              "for" : "all three datasets"
            }
          }
        },
        "from sentence" : "Pre-trained embeddings
Glo Ve of dimension 100 are used to initialize the word vectors for all three datasets ."        
      },
      "embeddings of POS tags" : {
        "initialized randomly" : {
          "with" : "dimension 32"
        },
        "from sentence" : "9 The embeddings of POS tags are initialized randomly with dimension 32 ."
      },
      "trained using" : ["Adam", "gradient clipping of 3.0", {"from sentence" : "The model is trained using Adam and a gradient clipping of 3.0 ."}]
    }
  }
}