{
  "has research problem" : [
    ["Named Entity Recognition", {"from sentence" : "TITLE"}],
    ["Neural Architectures for Named Entity Recognition", {"from sentence" : "TITLE"}],
    ["State - of - the - art named entity recognition systems rely heavily on hand - crafted features and domain - specific knowledge", {"from sentence" : "State - of - the - art named entity recognition systems rely heavily on hand - crafted features and domain - specific knowledge in order to learn effectively from the small , supervised training corpora that are available ."}],
    ["NER", {"from sentence" : "Our models obtain state - of - the - art performance in NER in four languages without resorting to any language - specific knowledge or resources such as gazetteers ."}]
  ]
}