{
  "has" : {
    "Results" : {
      "has" : {
        "LSTM-CRF model" : {
          "outperforms" : {
            "all other systems" : {
              "including" : "ones using external labeled data like gazetteers"  
            }
          },
          "from sentence" : "Our LSTM - CRF model outperforms all other systems , including the ones using external labeled data like gazetteers ."          
        },
        "Stack-LSTM model" : {
          "outperforms" : {
            "all previous models" : {
              "do not incorporate" : "external features"
            }
          },
          "from sentence" : "Our Stack - LSTM model also outperforms all previous models that do not incorporate external features , apart from the one presented by ."          
        }
      },
      "for" : {
        "German , Dutch and Spanish" : {
          "has" : {
            "LSTM - CRF model" : {
              "significantly outperforms" : {
                "all previous methods" : {
                  "exception" : "Dutch"
                }
              }
            }
          }
        },
        "from sentence" : "and 4 present our results on NER for German , Dutch and Spanish respectively in comparison to other models .
On these three languages , the LSTM - CRF model significantly outperforms all previous methods , including the ones using external labeled data .
The only exception is Dutch , where the model of can perform better by leveraging the information from other NER datasets ."        
      },
      "compared to" : {
        "systems that do not use external data" : {
          "presents" : "statethe - art ( or close to ) results"
        },
        "from sentence" : "The Stack - LSTM also consistently presents statethe - art ( or close to ) results compared to systems that do not use external data ."        
      }
    }  
  }
}