{
  "has" : {
    "Approach" : {
      "has" : {
        "semisupervised approach" : {
          "not require" : "additional labeled data",
          "from sentence" : "In this paper , we explore an alternate semisupervised approach which does not require additional labeled data ."
        }
      },
      "use" : {
        "neural language model ( LM )" : {
          "pre-trained on" : {
            "large , unlabeled corpus" : {
              "to compute" : {
                "encoding of the context at each position in the sequence" : {
                  "name" : "LM embedding"
                }
              },
              "use it in" : "supervised sequence tagging model"
            }
          }
        },
        "from sentence" : "We use a neural language model ( LM ) , pre-trained on a large , unlabeled corpus to compute an encoding of the context at each position in the sequence ( hereafter an LM embedding ) and use it in the supervised sequence tagging model ."        
      }
    }
  }
}