{
  "has" : {
    "Quantitative Analysis" : {
      "adding" : {
        "features" : {
          "computed by" : "neural networks"
        },
        "improves performance" : {
          "over" : "baseline performance"
        },
        "from sentence" : "As expected, adding features computed by neural networks consistently improves the performance over the baseline performance."
      },
      "achieved" : {
        "best performance" : {
          "used" : "CSLM and the phrase scores from the RNN Encoder–Decoder"
        },
        "from sentence" : "The best performance was achieved when we used both CSLM and the phrase scores from the RNN Encoder–Decoder."
      }
    }
  }
}