{
  "has" : {
    "Model" : {
      "propose" : {
        "novel neural attention-based inference model" : {
          "designed to perform" : "machine reading comprehension tasks"
        },
        "from sentence" : "Encouraged by the recent success of deep learning attention architectures (Bahdanau et al., 2015; Sukhbaatar et al., 2015), we propose a novel neural attention-based inference model designed to perform machine reading comprehension tasks."
      },
      "reads" : {
        "document and the query" : {
          "using" : "recurrent neural network"
        },
        "from sentence" : "The model first reads the document and the query using a recurrent neural network (Goodfellow et al., 2016)."
      },
      "deploys" : {
        "iterative inference process" : {
          "to uncover" : {
            "inferential links" : {
              "between" : "the missing query word, the query, and the document"
            }
          }
        },
        "from sentence" : "Then, it deploys an iterative inference process to uncover the inferential links that exist between the missing query word, the query, and the document."
      },
      "involves" : {
        "novel alternating attention mechanism" : {
          "attends to" : "some parts of the query",
          "finds" : {
            "corresponding matches" : {
              "by attending to" : "document"
            }
          }
        },
        "from sentence" : "This phase involves a novel alternating attention mechanism; it first attends to some parts of the query, then finds their corresponding matches by attending to the document."
      },
      "fed back" : {
        "result" : {
          "of" : "alternating search",
          "into" : {
            "iterative inference process" : {
              "to seed" : "next search step"
            }
          }
        },
        "from sentence" : "The result of this alternating search is fed back into the iterative inference process to seed the next search step."
      },
      "uses" : {
        "summary of its inference process" : {
          "after" : "a fixed number of iterations",
          "to predict" : "the answer"
        },
        "from sentence" : "After a fixed number of iterations, the model uses a summary of its inference process to predict the answer."
      }
    }
  }
}
