{
  "has" : {
    "Architecture" : {
      "called" : {
        "RaSoR" : {
          "builds" : {
            "fixed-length span representations" : {
              "reusing" : "recurrent computations for shared substructures"
            }
          }
        },
        "from sentence" : "To overcome this, we present a novel neural architecture called RASOR that builds fixed-length span representations, reusing recurrent computations for shared substructures."
      },
      "demonstrate" : {
        "directly classifying" : {
          "each" : "competing spans"
        },
        "training with global normalization" : {
          "over" : "all possible spans"
        },
        "from sentence" : "We demonstrate that directly classifying each of the competing spans, and training with global normalization over all possible spans, leads to a significant increase in performance."
      }
    }
  }
}